Server,Hostname,Slot,MAC,Chassis-id,Switch,Interface Name
10.69.33.118,hostname-118,NIC.Slot.1-1-1,3C:FD:FE:2C:C6:20,3c:fd:fe:2c:c6:20,DR1L1,ethernet5:1
10.69.33.118,hostname-118,NIC.Slot.1-2-1,3C:FD:FE:2C:C6:22,3c:fd:fe:2c:c6:22,DR1L2,ethernet5:1
10.69.33.118,hostname-118,NIC.Slot.4-1-1,3C:FD:FE:2C:E3:A0,3c:fd:fe:2c:e3:a0,DR1L1,ethernet5:2
10.69.33.118,hostname-118,NIC.Slot.4-2-1,3C:FD:FE:2C:E3:A2,3c:fd:fe:2c:e3:a2,DR1L2,ethernet5:2
10.69.33.117,hostname-117,NIC.Slot.1-1-1,F8:F2:1E:35:89:40,f8:f2:1e:35:89:40,DR1L1,ethernet6:1
10.69.33.117,hostname-117,NIC.Slot.1-2-1,F8:F2:1E:35:89:41,f8:f2:1e:35:89:41,DR1L2,ethernet6:1
